file,type,sections,functions,geometry,section_control,connector_types,bytes,language,strings,source,note
combined/AMAZONE_PRECEA_4500_6sec_2booms.ddop,combined,6,2,process-data,DDI290,-,2705,hu,non-ascii,#35,Planter + fertilizer + microgranulate. Only element 4 allows section control.
seeder/AGISOSTACK_EXAMPLE_SEEDER_6sec.ddop,seeder,6,1,static,DDI290,9,1427,en,ascii,synthetic (AgIsoStack example),Not a real machine. Full static geometry.
seeder/KUHN_ESPRO_2sec_DDI141_en.ddop,seeder,2,1,process-data,DDI141,2,2285,en,ascii,#10,"Same machine as the hu file, English strings."
seeder/KUHN_ESPRO_2sec_DDI141_hu.ddop,seeder,2,1,process-data,DDI141,2,2455,hu,non-ascii,#10,Non-ASCII strings (hu). Geometry only as process data.
seeder/KUHN_ESPRO_2sec_DDI290_hu.ddop,seeder,2,1,process-data,DDI290,2,2677,hu,non-ascii,ddops.zip 2026-09-04 (#10 machine),"Newer capture of the same machine, condensed setpoint DDI 290 instead of 141."
seeder/SKY_EASYDRILL_E2_1sec.ddop,seeder,1,1,process-data,DDI290,-,1255,en,ascii,ddops.zip (no issue),"Single section, geometry only as process data."
sprayer/AGL_SPRAYER_7sec.ddop,sprayer,7,1,static,DDI290,1,1660,en,ascii,ddops.zip (no issue),"Y + width as static properties, no X offset."
sprayer/JD_740_SPRAYER_9sec.ddop,sprayer,9,0,process-data,DDI161,1,1797,en,ascii,#34,Settable DDI 161. Geometry only as process data (Y + width).
sprayer/ME_ECO_SPRITZE_SC_BOX_9sec.ddop,sprayer,9,1,static,DDI141,-,1231,hu,ascii,#64,"Mueller SC-Box from 2006. Per-section DDI 141 elements, no condensed DDIs. Static geometry."
sprayer/ME_SPRITZE_SPR_MIDI_3_11sec.ddop,sprayer,11,1,static,DDI290,0,5246,hu,non-ascii,bench capture 2026-09-20 (no issue),Full static geometry (DPT). Best reference pool.
spreader/KVERNELAND_EDW2_ISO_2015_2sec.ddop,spreader,2,0,process-data,DDI290,-,576,en,ascii,#60,Kept as kverneland_en.ddop in the DDOP editor folder. Issue #60 pairs it with the Exacta (a fertilizer spreader); model not confirmed.
spreader/SULKY_ISOLINK_SPREADER_12sec.ddop,spreader,12,1,process-data,DDI290,-,1147,hu,ascii,"#31, #93",Same client NAME as the 6 section variant: the DDOP changes with machine configuration. Geometry only as process data.
spreader/SULKY_ISOLINK_SPREADER_6sec.ddop,spreader,6,1,process-data,DDI290,-,973,hu,ascii,#51,Geometry only as process data. Localization label carries a control character (see #61).
tractor/JD_6000M_TRACTOR.ddop,tractor,0,1,none,DDI141,1 3 4 5 6 7 8,1829,en,ascii,DDOP editor collection (woifi_tractor_en.ddop),No sections.
tractor/JD_6R150_TRACTOR.ddop,tractor,0,3,none,none,1 3,1207,hu,ascii,"#31, #93",No sections. Must never register as an implement.
tractor/JD_6R150_TRACTOR_minimal.ddop,tractor,0,0,none,none,-,970,hu,ascii,#93,"Reduced pool (no connectors, no booms)."
tractor/JD_6R175_6000RW_TRACTOR.ddop,tractor,0,1,none,DDI141,1 3 4 5 6 7 8,1829,en,ascii,#34,"No sections, 8 connectors of mixed types."
unsorted/MFG89_EDW2_ISO_DEMO_64sec_5booms.ddop,unsorted,64,5,process-data,DDI290,-,2140,en,ascii,ddops.zip 2026-04-06,Stress case: 64 sections over 5 booms.
unsorted/MFG89_EDW3_MAIN_DEMO_24sec_3booms.ddop,unsorted,24,3,process-data,DDI290,-,1238,en,ascii,ddops.zip 2026-04-06,
unsorted/MFG89_ESA_FC_DEMO_2sec.ddop,unsorted,2,0,process-data,DDI141,-,603,en,ascii,ddops.zip 2026-04-06,
unsorted/MFG89_E_COM_UD_DEMO_1sec_2booms.ddop,unsorted,1,2,process-data,DDI290,-,818,en,ascii,ddops.zip 2026-04-06,
unsorted/MFG89_IXSPRAY_DEMO_7sec.ddop,unsorted,7,1,process-data,DDI290,-,756,en,ascii,ddops.zip 2026-04-06,Name suggests a sprayer.
unsorted/MFG89_PSD_MB_DEMO_12sec.ddop,unsorted,12,0,process-data,DDI290,-,760,en,ascii,ddops.zip 2026-04-06,
unsorted/MFG89_PWRW_II_ISO_SIM_16sec.ddop,unsorted,16,0,process-data,DDI290,-,762,en,ascii,ddops.zip 2026-04-06,16 sections in one pool.
