file,type,bytes,sha256,parts,note
unsorted/AGISOVIRTUALTERMINAL_BtnInHiddenContainer.iop,unsorted,228,c16f30843b6c038a99aa1c855be6ec96997438e4d2c71d77310f289d020d3df8,-,
unsorted/AGISOVIRTUALTERMINAL_BtnInHiddenContainer_40a54052.iop,unsorted,147,40a54052db675988dc4e2106d7de6ec8b98a1eaec037b408f7d78f846dadbf5c,-,
unsorted/AGISOVIRTUALTERMINAL_debug.iop,unsorted,650464,e9b1311ea7a5529b3f6ffc2c27d1ea3be264c0415fac2f8039d2371ae3febc6b,-,
unsorted/AGISOVIRTUALTERMINAL_great_plains.iop,unsorted,656613,627223e9bcd1e70da416fa38aa606a613cc1e43c7be5c122cfc060ac1a5f582c,-,
unsorted/MFG1407_VT_7d9e96b7.iop,unsorted,39826,7d9e96b7b890dc7376783a18bbf1498a5194bdd515b55e0dc57b8d3d7a3f7885,-,
unsorted/MFG1407_VT_dd555429.iop,unsorted,11949,dd555429deaa124bbb11ca132240cb4471c25a0c79888aa04ca9318d0ab39c70,-,
unsorted/MFG273_VT_797f52d6.iop,unsorted,11012,797f52d6323ff78acf99908345e498d45daaf429a9b3608f25613a5f26a5b8d7,-,
unsorted/MFG33_VT_cca044d7.iop,unsorted,3331,cca044d7d7dedf70b800204497903bcc2c205f98e163225a83c06742b1b26ce5,3,
unsorted/MFG33_VT_cca044d7/MFG33_VT_cca044d7_part00.iop,unsorted,3051,14ec37dd895d071c272a3f67f402010e99b19ee598466584f835dda860252161,part,
unsorted/MFG33_VT_cca044d7/MFG33_VT_cca044d7_part01.iop,unsorted,272,0a9d1ce06a3ec9c4b1d028ddd929038ba783ca7ff59af53775575d9cb5f8fe43,part,
unsorted/MFG33_VT_cca044d7/MFG33_VT_cca044d7_part02.iop,unsorted,8,829337a2585cb5a02a115756613bd5656c6ee036dd7aa4a10aeb67300d6c5550,part,
unsorted/MFG357_VT_7301e2a8.iop,unsorted,183804,7301e2a8066a9ea8a8db4e55c2ec46fa59e38977f978567077750d081e0769f3,3,
unsorted/MFG357_VT_7301e2a8/MFG357_VT_7301e2a8_part00.iop,unsorted,143633,adb08689bbbc13bc7771daedc6d3c8ee11169585ce14a9dbee10c9e12603e4e3,part,
unsorted/MFG357_VT_7301e2a8/MFG357_VT_7301e2a8_part01.iop,unsorted,40,67799b996e0e1390a23a8b19ad6e9715653e1a6936c55188a4539510dc684603,part,
unsorted/MFG357_VT_7301e2a8/MFG357_VT_7301e2a8_part02.iop,unsorted,40131,e3eced8ba5e85477b84c542bb3fd2ef3c49c92b31be0e65a4f671e6a945314b1,part,
unsorted/MFG357_VT_ef97a5b9.iop,unsorted,185727,ef97a5b921f1768a0cb0e634cf2128c74ae018af28e51a80ce586190ffa4dff0,3,
unsorted/MFG357_VT_ef97a5b9/MFG357_VT_ef97a5b9_part00.iop,unsorted,143393,d7aadadecfa147be9149484d90d899f35b968240e6764fadd81f45e9b3266bf2,part,
unsorted/MFG357_VT_ef97a5b9/MFG357_VT_ef97a5b9_part01.iop,unsorted,40,67799b996e0e1390a23a8b19ad6e9715653e1a6936c55188a4539510dc684603,part,
unsorted/MFG357_VT_ef97a5b9/MFG357_VT_ef97a5b9_part02.iop,unsorted,42294,51d6c9d45afdc35355acee8fd9d673459e24de8d39a4a506a1cb2edca66467ba,part,
unsorted/MFG365_VT_035a97bb.iop,unsorted,67130,035a97bb8c6c7dbce59d88959aabdf6470bdcb5d65e64da1f74ab32692e2a602,-,
unsorted/MFG442_VT_0cd84f4a.iop,unsorted,74473,0cd84f4ac56807e0a16d77ebfbdba246dbb7eaa1b93be027fa3fc8549a7179a4,2,
unsorted/MFG442_VT_0cd84f4a/MFG442_VT_0cd84f4a_part00.iop,unsorted,71679,b368ef3b5a94b800765cb1222098c6b19d371d2123813eafef4842c0d2835188,part,
unsorted/MFG442_VT_0cd84f4a/MFG442_VT_0cd84f4a_part01.iop,unsorted,2794,26f9f7527884339d3db4028fefdebc2f42c28a8bb5623431e8e3482ceb234cee,part,
unsorted/MFG442_VT_4ad00ad9.iop,unsorted,1134941,4ad00ad9a6e7f4a440f077655cb8f0b7d8f2570209d2665c947709abcc29c559,10,
unsorted/MFG442_VT_4ad00ad9/MFG442_VT_4ad00ad9_part00.iop,unsorted,80,7a4c0237f9964643a1ecf67911798babb50210758d96f33f9096d5c07c278b47,part,
unsorted/MFG442_VT_4ad00ad9/MFG442_VT_4ad00ad9_part01.iop,unsorted,819769,3af3fe9957a4c5edf72214045dc718be992cb1b87d3138c05dc0ba9d3d556d2a,part,
unsorted/MFG442_VT_4ad00ad9/MFG442_VT_4ad00ad9_part02.iop,unsorted,229558,d5bdd4c62690659a2c9e8c79a37d97c27a3dafb835173718af1d5e69f8a4430e,part,
unsorted/MFG442_VT_4ad00ad9/MFG442_VT_4ad00ad9_part03.iop,unsorted,5641,884dc4fa1ad9de4ad4b301bb89074818a45ce002fc676d328bd0d27beb770b33,part,
unsorted/MFG442_VT_4ad00ad9/MFG442_VT_4ad00ad9_part04.iop,unsorted,4710,86d54b72929b52b2da6e1967bb19a76691add9b6cac91410ede089d7b56a4ce8,part,
unsorted/MFG442_VT_4ad00ad9/MFG442_VT_4ad00ad9_part05.iop,unsorted,17925,dcd49f9f8b010f036df67464a268abecea0db6daa7d7cd5fc64d03c1e48901d8,part,
unsorted/MFG442_VT_4ad00ad9/MFG442_VT_4ad00ad9_part06.iop,unsorted,6879,b7080336efb155d5772fa076ac89bc20d93163c7df0628cc2b66cd0bc05b92d9,part,
unsorted/MFG442_VT_4ad00ad9/MFG442_VT_4ad00ad9_part07.iop,unsorted,16962,6dbd3466cc70614733ea5cc0b83a62d2a300f9553ff6617ac709d45e9aee7e94,part,
unsorted/MFG442_VT_4ad00ad9/MFG442_VT_4ad00ad9_part08.iop,unsorted,33141,2c39a7a9d89b63eefd839044bd8cc3d66e6c47cc5da912d311e670a2fd600b39,part,
unsorted/MFG442_VT_4ad00ad9/MFG442_VT_4ad00ad9_part09.iop,unsorted,276,38e79633280da918f2be08b11cf1b735d1f38f8e5fc064ef88e1364538f49281,part,
unsorted/MFG511_VT_2f01519a.iop,unsorted,73398,2f01519af965933ea3bcbea086bd3e629cb2dcda7a039270b29903d7d12ff336,11,
unsorted/MFG511_VT_2f01519a/MFG511_VT_2f01519a_part00.iop,unsorted,73242,4c1367cde7de678bf26faaf40846d61be15d3e55a8bcab1ea363b43ecb8559b5,part,
unsorted/MFG511_VT_2f01519a/MFG511_VT_2f01519a_part01.iop,unsorted,18,adbe0e190f31baeaef1cff026db5ab553da8b132b9e14dd66c677135b0b97dec,part,
unsorted/MFG511_VT_2f01519a/MFG511_VT_2f01519a_part02.iop,unsorted,18,00f35a41c22e28baafc96cf00e2f8e9d94fcd053a5bc163b45234ef25201bc0b,part,
unsorted/MFG511_VT_2f01519a/MFG511_VT_2f01519a_part03.iop,unsorted,12,210d93f1058ffc1e0ac816e1e101f965f792c968adb9c64b1c9ac373bcbb2734,part,
unsorted/MFG511_VT_2f01519a/MFG511_VT_2f01519a_part04.iop,unsorted,12,ab31f40330b5a4de5c8c3fdd650098408e65d8423fc83c68e9b656507b42a70a,part,
unsorted/MFG511_VT_2f01519a/MFG511_VT_2f01519a_part05.iop,unsorted,12,dd3a30ced670ad98a129c974b18790ded66608942854ac97934e1a976f60cdd4,part,
unsorted/MFG511_VT_2f01519a/MFG511_VT_2f01519a_part06.iop,unsorted,12,a302d5e12e252118f3b6f9f1317ade4539988ebd2e40805739b85ee1b0c437c4,part,
unsorted/MFG511_VT_2f01519a/MFG511_VT_2f01519a_part07.iop,unsorted,18,b7d8dc864218c4d6d34e5610870125c87a5100197fad5ecba53dda278b1eab69,part,
unsorted/MFG511_VT_2f01519a/MFG511_VT_2f01519a_part08.iop,unsorted,18,fd91c4630cdc0b0a81a3c462bc2db11ae0895c850c464d89019490f747d1ce13,part,
unsorted/MFG511_VT_2f01519a/MFG511_VT_2f01519a_part09.iop,unsorted,18,8aba64323cf359d0e6b62b611472141abe523006fdef8ee6a615ed72d3f114fb,part,
unsorted/MFG511_VT_2f01519a/MFG511_VT_2f01519a_part10.iop,unsorted,18,9cf4991454c6c613f7e434fe71dccf71713c49ff52027b39b4b4d29861ff0a61,part,
unsorted/MFG581_VT_a4b54f27.iop,unsorted,162905,a4b54f272d6d753dd08b3a66521ed17f5d261abb95378832e25a6b64dd0f7330,2,
unsorted/MFG581_VT_a4b54f27/MFG581_VT_a4b54f27_part00.iop,unsorted,155560,93c5a2e36565f2108ef8ed8bf123e7722b0b16b1fa9adcce8d4041a687935f80,part,
unsorted/MFG581_VT_a4b54f27/MFG581_VT_a4b54f27_part01.iop,unsorted,7345,b60230c52363c88d695b7979de56bfef878c4e1b470395d790f86ad710714b26,part,
unsorted/MFG730_VT_71be8503.iop,unsorted,270958,71be8503b7db8d6956e0d3fce227ea7cc9411efe7f433b8b3ab7998c4ae5034b,2,
unsorted/MFG730_VT_71be8503/MFG730_VT_71be8503_part00.iop,unsorted,262643,4defb4782d08ddcc1c962eea39d7853e62b0cccb664b5cba87f04cb0a130c922,part,
unsorted/MFG730_VT_71be8503/MFG730_VT_71be8503_part01.iop,unsorted,8315,945c31b21194b6c1fedb51ca896db27dcd29c008f903f3ae38e8a12619d63236,part,
unsorted/MFG89_VT_ecd03d36.iop,unsorted,99628,ecd03d36d7e7fdbb86efcb941720cc61b05f1e17f3aa42812235944c13e00b0c,9,
unsorted/MFG89_VT_ecd03d36/MFG89_VT_ecd03d36_part00.iop,unsorted,29994,6e9363739c85058b656dd0595b23554ab8ac728a2a43a99f8e2ae32253140600,part,
unsorted/MFG89_VT_ecd03d36/MFG89_VT_ecd03d36_part01.iop,unsorted,8775,6404ac885521b9abc3b4c1644deef9aa5812e0b6a19afe2b3c79e6a45d30fde6,part,
unsorted/MFG89_VT_ecd03d36/MFG89_VT_ecd03d36_part02.iop,unsorted,26196,85e74ff2c1779664e50e52e6b99a7d67707b3d343bc00bd655a9459059ec07d0,part,
unsorted/MFG89_VT_ecd03d36/MFG89_VT_ecd03d36_part03.iop,unsorted,29195,7098ba735ad2ff7c6385490fd204a9dbdbbebd0fcb690a916cbbffb0e8f5ec49,part,
unsorted/MFG89_VT_ecd03d36/MFG89_VT_ecd03d36_part04.iop,unsorted,1013,fa3dd5a659492377a3e1fc68f45c4033c17bd3b26f85955121cd30cdc8d16cc9,part,
unsorted/MFG89_VT_ecd03d36/MFG89_VT_ecd03d36_part05.iop,unsorted,228,1850272f7fcf8d364d601c9fcd92c7480bd4f6a4d9ec259e84e4b9bc864ba599,part,
unsorted/MFG89_VT_ecd03d36/MFG89_VT_ecd03d36_part06.iop,unsorted,168,d25216d70bc68ec5a7dd79899caf1fd5aa5349abbe906b4fc4665063743c7c72,part,
unsorted/MFG89_VT_ecd03d36/MFG89_VT_ecd03d36_part07.iop,unsorted,3324,2a814ad3cd89f994e04cf72f1f20e4bc3d7eeb0d45280d5eec6098cd3d36e330,part,
unsorted/MFG89_VT_ecd03d36/MFG89_VT_ecd03d36_part08.iop,unsorted,735,779802f76a116102469d1bcbfe4762ffe49351c30636c2b8491a5d348427ae79,part,
unsorted/MFG98_VT_0ce3618f.iop,unsorted,101220,0ce3618f8da14601ed2e7d9cb57f03df29ec1d7d110c319894a32631d3104774,-,
unsorted/MFG98_VT_1b1ef6cc.iop,unsorted,719258,1b1ef6ccd754710e6a8362fdfc045b41b3a6ec0eb3b8ed9943cb285abb58e54e,9,
unsorted/MFG98_VT_1b1ef6cc/MFG98_VT_1b1ef6cc_part00.iop,unsorted,83886,5e59143d84e57f5e9b39dafb00a324fa2ae64ca233b70faad7d354635168e003,part,
unsorted/MFG98_VT_1b1ef6cc/MFG98_VT_1b1ef6cc_part01.iop,unsorted,382446,245c7711d4ac74836cbc80e895a88f8463b7cc6ecdfcd316ed7fd02c19f5b9f2,part,
unsorted/MFG98_VT_1b1ef6cc/MFG98_VT_1b1ef6cc_part02.iop,unsorted,3096,da8bc8a56713d3655af16308cecddc2fe3a50b357d462f4bb0e8940adffc42f4,part,
unsorted/MFG98_VT_1b1ef6cc/MFG98_VT_1b1ef6cc_part03.iop,unsorted,113725,1ae8ba2a57a58e9ec4af4e30922eba60b14f5bfb0177426c25730645b5acd48d,part,
unsorted/MFG98_VT_1b1ef6cc/MFG98_VT_1b1ef6cc_part04.iop,unsorted,52776,7e528c45c1e33443e84308b232bfb02c3b4b27aa18912305af78bc9ba233a66a,part,
unsorted/MFG98_VT_1b1ef6cc/MFG98_VT_1b1ef6cc_part05.iop,unsorted,64604,51955ac78dde2554fc0b7cc6690b795770274584a04b9ca6ec94976f53b0cebe,part,
unsorted/MFG98_VT_1b1ef6cc/MFG98_VT_1b1ef6cc_part06.iop,unsorted,214,fce0361e3951b6bf92a615b4061caadab61f802098799f80a7893c52dc30cc3f,part,
unsorted/MFG98_VT_1b1ef6cc/MFG98_VT_1b1ef6cc_part07.iop,unsorted,16347,5433c450915ec2ccafa9983731cea4d14db9df9d9d9352d7759b4216eea2b5f9,part,
unsorted/MFG98_VT_1b1ef6cc/MFG98_VT_1b1ef6cc_part08.iop,unsorted,2164,4c0dc44269e99f63e43d4a5e93db183c75edd9f7f9ff5daa9dbbfb75257cdee7,part,
unsorted/MFG98_VT_2be5f6c0.iop,unsorted,86417,2be5f6c018605726dbace8de49f7c423156e7c3bd987539856dc3c77128a4a04,2,
unsorted/MFG98_VT_2be5f6c0/MFG98_VT_2be5f6c0_part00.iop,unsorted,80912,648f4d43a661463716ec159a932f9838c3e003b2175594e7e320344863450f2f,part,
unsorted/MFG98_VT_2be5f6c0/MFG98_VT_2be5f6c0_part01.iop,unsorted,5505,871872d60c852c413f2e05287b73865e2e0f2f116305d6a1a6c4955d557fbc29,part,
unsorted/MFG98_VT_3ee35978.iop,unsorted,112467,3ee359783ce6219ca97fe205c1489adc6f2f5df951d5a3c35be1ef5085a82921,3,
unsorted/MFG98_VT_3ee35978/MFG98_VT_3ee35978_part00.iop,unsorted,103769,21d8c0f9686804c55ce311385c30eb057fdd763ff4f03d93206d41d983ea759a,part,
unsorted/MFG98_VT_3ee35978/MFG98_VT_3ee35978_part01.iop,unsorted,2221,b5f7de1d1b22c1bfced68bfb7051b5fad4c1807aa060dc2f9e6a194ec2ccfdc8,part,
unsorted/MFG98_VT_3ee35978/MFG98_VT_3ee35978_part02.iop,unsorted,6477,f6ad354bc09f2808f508fbdc2e5f5cd18868ffe80d852482d36af02512e4804a,part,
unsorted/MFG98_VT_436ea276.iop,unsorted,715675,436ea2763ab769525adab3d73437edf53eca97f1b5063ebd839a0b3853f9d92b,7,
unsorted/MFG98_VT_436ea276/MFG98_VT_436ea276_part00.iop,unsorted,83886,5e59143d84e57f5e9b39dafb00a324fa2ae64ca233b70faad7d354635168e003,part,
unsorted/MFG98_VT_436ea276/MFG98_VT_436ea276_part01.iop,unsorted,382446,139258fbc2a5e35cb7825a2ebe2da5a6635d01bfa360d4c783ec33b175308665,part,
unsorted/MFG98_VT_436ea276/MFG98_VT_436ea276_part02.iop,unsorted,113725,1ae8ba2a57a58e9ec4af4e30922eba60b14f5bfb0177426c25730645b5acd48d,part,
unsorted/MFG98_VT_436ea276/MFG98_VT_436ea276_part03.iop,unsorted,52776,56c045e196ec20c1a8107e874677b03add4cfa67b95c4af94ec5e6c65dc93894,part,
unsorted/MFG98_VT_436ea276/MFG98_VT_436ea276_part04.iop,unsorted,64604,3e1a5539e876cad2771d90f5e94325ec5845a02e6904879279ff6e136524c8cc,part,
unsorted/MFG98_VT_436ea276/MFG98_VT_436ea276_part05.iop,unsorted,15983,96dbb190c09165f53631e565bcc7efe4953a57204cfe0809316e44db705510f4,part,
unsorted/MFG98_VT_436ea276/MFG98_VT_436ea276_part06.iop,unsorted,2255,2214a77ffd254e0645509a2c30c73892e10b4b01b28994b675880437a4c16839,part,
unsorted/MFG98_VT_47946b77.iop,unsorted,715948,47946b77ccf103f8787c91f029f983a7f44ad32d9ffed18936e31c31b5f1fc2a,7,
unsorted/MFG98_VT_47946b77/MFG98_VT_47946b77_part00.iop,unsorted,83886,5e59143d84e57f5e9b39dafb00a324fa2ae64ca233b70faad7d354635168e003,part,
unsorted/MFG98_VT_47946b77/MFG98_VT_47946b77_part01.iop,unsorted,382446,245c7711d4ac74836cbc80e895a88f8463b7cc6ecdfcd316ed7fd02c19f5b9f2,part,
unsorted/MFG98_VT_47946b77/MFG98_VT_47946b77_part02.iop,unsorted,113725,1ae8ba2a57a58e9ec4af4e30922eba60b14f5bfb0177426c25730645b5acd48d,part,
unsorted/MFG98_VT_47946b77/MFG98_VT_47946b77_part03.iop,unsorted,52776,7e528c45c1e33443e84308b232bfb02c3b4b27aa18912305af78bc9ba233a66a,part,
unsorted/MFG98_VT_47946b77/MFG98_VT_47946b77_part04.iop,unsorted,64604,51955ac78dde2554fc0b7cc6690b795770274584a04b9ca6ec94976f53b0cebe,part,
unsorted/MFG98_VT_47946b77/MFG98_VT_47946b77_part05.iop,unsorted,16347,5433c450915ec2ccafa9983731cea4d14db9df9d9d9352d7759b4216eea2b5f9,part,
unsorted/MFG98_VT_47946b77/MFG98_VT_47946b77_part06.iop,unsorted,2164,4c0dc44269e99f63e43d4a5e93db183c75edd9f7f9ff5daa9dbbfb75257cdee7,part,
unsorted/MFG98_VT_4c7e2c82.iop,unsorted,715948,4c7e2c82bdc310924ea2b9b03b19e0702c819c952aa2b910ef38b221a67accfe,7,
unsorted/MFG98_VT_4c7e2c82/MFG98_VT_4c7e2c82_part00.iop,unsorted,83886,5e59143d84e57f5e9b39dafb00a324fa2ae64ca233b70faad7d354635168e003,part,
unsorted/MFG98_VT_4c7e2c82/MFG98_VT_4c7e2c82_part01.iop,unsorted,382446,139258fbc2a5e35cb7825a2ebe2da5a6635d01bfa360d4c783ec33b175308665,part,
unsorted/MFG98_VT_4c7e2c82/MFG98_VT_4c7e2c82_part02.iop,unsorted,113725,1ae8ba2a57a58e9ec4af4e30922eba60b14f5bfb0177426c25730645b5acd48d,part,
unsorted/MFG98_VT_4c7e2c82/MFG98_VT_4c7e2c82_part03.iop,unsorted,52776,56c045e196ec20c1a8107e874677b03add4cfa67b95c4af94ec5e6c65dc93894,part,
unsorted/MFG98_VT_4c7e2c82/MFG98_VT_4c7e2c82_part04.iop,unsorted,64604,3e1a5539e876cad2771d90f5e94325ec5845a02e6904879279ff6e136524c8cc,part,
unsorted/MFG98_VT_4c7e2c82/MFG98_VT_4c7e2c82_part05.iop,unsorted,16347,5433c450915ec2ccafa9983731cea4d14db9df9d9d9352d7759b4216eea2b5f9,part,
unsorted/MFG98_VT_4c7e2c82/MFG98_VT_4c7e2c82_part06.iop,unsorted,2164,4c0dc44269e99f63e43d4a5e93db183c75edd9f7f9ff5daa9dbbfb75257cdee7,part,
unsorted/MFG98_VT_6d8ac154.iop,unsorted,719258,6d8ac154f54bed8d015bd3278c20a0c9ca7e7135af20d9dd939c02f4547e041f,9,
unsorted/MFG98_VT_6d8ac154/MFG98_VT_6d8ac154_part00.iop,unsorted,83886,5e59143d84e57f5e9b39dafb00a324fa2ae64ca233b70faad7d354635168e003,part,
unsorted/MFG98_VT_6d8ac154/MFG98_VT_6d8ac154_part01.iop,unsorted,382446,655771dfb32f3bbd55c9109063614d7cbaf5e5502eeab9d2ddb6f757c61d82a4,part,
unsorted/MFG98_VT_6d8ac154/MFG98_VT_6d8ac154_part02.iop,unsorted,3096,da8bc8a56713d3655af16308cecddc2fe3a50b357d462f4bb0e8940adffc42f4,part,
unsorted/MFG98_VT_6d8ac154/MFG98_VT_6d8ac154_part03.iop,unsorted,113725,1ae8ba2a57a58e9ec4af4e30922eba60b14f5bfb0177426c25730645b5acd48d,part,
unsorted/MFG98_VT_6d8ac154/MFG98_VT_6d8ac154_part04.iop,unsorted,52776,f7a6337f51eceeaff076775a5c3c94294f23dbb638d5160c452f9b33a440d6bf,part,
unsorted/MFG98_VT_6d8ac154/MFG98_VT_6d8ac154_part05.iop,unsorted,64604,74333a5e818b25e1f27ef8e6839e635bd0990660836ec9627774f862f42aa56a,part,
unsorted/MFG98_VT_6d8ac154/MFG98_VT_6d8ac154_part06.iop,unsorted,214,fce0361e3951b6bf92a615b4061caadab61f802098799f80a7893c52dc30cc3f,part,
unsorted/MFG98_VT_6d8ac154/MFG98_VT_6d8ac154_part07.iop,unsorted,16347,5433c450915ec2ccafa9983731cea4d14db9df9d9d9352d7759b4216eea2b5f9,part,
unsorted/MFG98_VT_6d8ac154/MFG98_VT_6d8ac154_part08.iop,unsorted,2164,4c0dc44269e99f63e43d4a5e93db183c75edd9f7f9ff5daa9dbbfb75257cdee7,part,
unsorted/MFG98_VT_7c9b8194.iop,unsorted,770947,7c9b8194b4abef0be815a4ad55cd9bd25b092b4ddeee9a1524d42e6282a717ad,6,
unsorted/MFG98_VT_7c9b8194/MFG98_VT_7c9b8194_part00.iop,unsorted,82,e0d01b5aafae59f663341ca5eefb90d236233140ac8bd1e01e830953300bd577,part,
unsorted/MFG98_VT_7c9b8194/MFG98_VT_7c9b8194_part01.iop,unsorted,369574,edc3671cc5fe9ed4fcdde7435addcdda4e41f3cdd65ac2ec45828562cba4d362,part,
unsorted/MFG98_VT_7c9b8194/MFG98_VT_7c9b8194_part02.iop,unsorted,360451,1f6dd153e346d5b12d640ff34ce19bf1db0fc752feb4ae971f50f378551da09d,part,
unsorted/MFG98_VT_7c9b8194/MFG98_VT_7c9b8194_part03.iop,unsorted,9531,971ec571440251c6d97febb796e569fcd4d09461ed55de450932869810d081c4,part,
unsorted/MFG98_VT_7c9b8194/MFG98_VT_7c9b8194_part04.iop,unsorted,31033,3d302910527ed57ee27f3d00563b72e866337ed0beda464df2056479bb79647b,part,
unsorted/MFG98_VT_7c9b8194/MFG98_VT_7c9b8194_part05.iop,unsorted,276,e363768efdc2e69a6303c2d1aada07134ed1c43aeb443e8f3be2c9749c9fce7c,part,
unsorted/MFG98_VT_7d0b3752.iop,unsorted,771469,7d0b375258c2e9b4f9aeadb37fa6e5e496527cc3a0ff6b8dd54f3d18e07dfa4a,6,
unsorted/MFG98_VT_7d0b3752/MFG98_VT_7d0b3752_part00.iop,unsorted,82,e0d01b5aafae59f663341ca5eefb90d236233140ac8bd1e01e830953300bd577,part,
unsorted/MFG98_VT_7d0b3752/MFG98_VT_7d0b3752_part01.iop,unsorted,369574,edc3671cc5fe9ed4fcdde7435addcdda4e41f3cdd65ac2ec45828562cba4d362,part,
unsorted/MFG98_VT_7d0b3752/MFG98_VT_7d0b3752_part02.iop,unsorted,360451,1f6dd153e346d5b12d640ff34ce19bf1db0fc752feb4ae971f50f378551da09d,part,
unsorted/MFG98_VT_7d0b3752/MFG98_VT_7d0b3752_part03.iop,unsorted,9531,971ec571440251c6d97febb796e569fcd4d09461ed55de450932869810d081c4,part,
unsorted/MFG98_VT_7d0b3752/MFG98_VT_7d0b3752_part04.iop,unsorted,31555,96c6fec47b0cec298fa7be200b924e791e6bdf7d0132db1d45919df90f962f97,part,
unsorted/MFG98_VT_7d0b3752/MFG98_VT_7d0b3752_part05.iop,unsorted,276,e363768efdc2e69a6303c2d1aada07134ed1c43aeb443e8f3be2c9749c9fce7c,part,
unsorted/MFG98_VT_8032571a.iop,unsorted,719874,8032571a7d852b008f249b08460449ff83bc8a0ee348d21df833b3837a6bc871,9,
unsorted/MFG98_VT_8032571a/MFG98_VT_8032571a_part00.iop,unsorted,83886,5e59143d84e57f5e9b39dafb00a324fa2ae64ca233b70faad7d354635168e003,part,
unsorted/MFG98_VT_8032571a/MFG98_VT_8032571a_part01.iop,unsorted,382446,d2ef0f385c60fa4d82690c5d4604b8d2e304ad2ce71b88f111f7191c3a76b151,part,
unsorted/MFG98_VT_8032571a/MFG98_VT_8032571a_part02.iop,unsorted,3640,d471aa1f11cb89ebc247f6543eaced95da9338b6b5f4ca48b8a0a563340d7933,part,
unsorted/MFG98_VT_8032571a/MFG98_VT_8032571a_part03.iop,unsorted,113725,1ae8ba2a57a58e9ec4af4e30922eba60b14f5bfb0177426c25730645b5acd48d,part,
unsorted/MFG98_VT_8032571a/MFG98_VT_8032571a_part04.iop,unsorted,52776,6d7626cddbfc5000ec15a6f3101aba31d8bca779e09f4aeab77a5cb3d7181772,part,
unsorted/MFG98_VT_8032571a/MFG98_VT_8032571a_part05.iop,unsorted,64604,aa7c131f8c4c48d4a9c998ea78d34ed88195bcee3b7d1bdcaa0da34dcd1fbe33,part,
unsorted/MFG98_VT_8032571a/MFG98_VT_8032571a_part06.iop,unsorted,16347,5433c450915ec2ccafa9983731cea4d14db9df9d9d9352d7759b4216eea2b5f9,part,
unsorted/MFG98_VT_8032571a/MFG98_VT_8032571a_part07.iop,unsorted,2164,4c0dc44269e99f63e43d4a5e93db183c75edd9f7f9ff5daa9dbbfb75257cdee7,part,
unsorted/MFG98_VT_8032571a/MFG98_VT_8032571a_part08.iop,unsorted,286,c3490b51bcec41fda0e317d5d091a1f21398de1afe41e6f72187c906178ea64a,part,
unsorted/MFG98_VT_da72b4bc.iop,unsorted,719874,da72b4bccf281d6c17b1ea634a293e4885dfa88fa4cce0e00752f3c24c20f831,9,
unsorted/MFG98_VT_da72b4bc/MFG98_VT_da72b4bc_part00.iop,unsorted,83886,5e59143d84e57f5e9b39dafb00a324fa2ae64ca233b70faad7d354635168e003,part,
unsorted/MFG98_VT_da72b4bc/MFG98_VT_da72b4bc_part01.iop,unsorted,382446,139258fbc2a5e35cb7825a2ebe2da5a6635d01bfa360d4c783ec33b175308665,part,
unsorted/MFG98_VT_da72b4bc/MFG98_VT_da72b4bc_part02.iop,unsorted,3640,d471aa1f11cb89ebc247f6543eaced95da9338b6b5f4ca48b8a0a563340d7933,part,
unsorted/MFG98_VT_da72b4bc/MFG98_VT_da72b4bc_part03.iop,unsorted,113725,1ae8ba2a57a58e9ec4af4e30922eba60b14f5bfb0177426c25730645b5acd48d,part,
unsorted/MFG98_VT_da72b4bc/MFG98_VT_da72b4bc_part04.iop,unsorted,52776,56c045e196ec20c1a8107e874677b03add4cfa67b95c4af94ec5e6c65dc93894,part,
unsorted/MFG98_VT_da72b4bc/MFG98_VT_da72b4bc_part05.iop,unsorted,64604,3e1a5539e876cad2771d90f5e94325ec5845a02e6904879279ff6e136524c8cc,part,
unsorted/MFG98_VT_da72b4bc/MFG98_VT_da72b4bc_part06.iop,unsorted,16347,5433c450915ec2ccafa9983731cea4d14db9df9d9d9352d7759b4216eea2b5f9,part,
unsorted/MFG98_VT_da72b4bc/MFG98_VT_da72b4bc_part07.iop,unsorted,2164,4c0dc44269e99f63e43d4a5e93db183c75edd9f7f9ff5daa9dbbfb75257cdee7,part,
unsorted/MFG98_VT_da72b4bc/MFG98_VT_da72b4bc_part08.iop,unsorted,286,c3490b51bcec41fda0e317d5d091a1f21398de1afe41e6f72187c906178ea64a,part,
unsorted/MFG98_VT_fe08e7ab.iop,unsorted,719258,fe08e7ab6f144f618f2e9434bca28d79c9eeb2d408901b5185ef79685190918f,9,
unsorted/MFG98_VT_fe08e7ab/MFG98_VT_fe08e7ab_part00.iop,unsorted,83886,5e59143d84e57f5e9b39dafb00a324fa2ae64ca233b70faad7d354635168e003,part,
unsorted/MFG98_VT_fe08e7ab/MFG98_VT_fe08e7ab_part01.iop,unsorted,382446,d2ef0f385c60fa4d82690c5d4604b8d2e304ad2ce71b88f111f7191c3a76b151,part,
unsorted/MFG98_VT_fe08e7ab/MFG98_VT_fe08e7ab_part02.iop,unsorted,3096,da8bc8a56713d3655af16308cecddc2fe3a50b357d462f4bb0e8940adffc42f4,part,
unsorted/MFG98_VT_fe08e7ab/MFG98_VT_fe08e7ab_part03.iop,unsorted,113725,1ae8ba2a57a58e9ec4af4e30922eba60b14f5bfb0177426c25730645b5acd48d,part,
unsorted/MFG98_VT_fe08e7ab/MFG98_VT_fe08e7ab_part04.iop,unsorted,52776,6d7626cddbfc5000ec15a6f3101aba31d8bca779e09f4aeab77a5cb3d7181772,part,
unsorted/MFG98_VT_fe08e7ab/MFG98_VT_fe08e7ab_part05.iop,unsorted,64604,aa7c131f8c4c48d4a9c998ea78d34ed88195bcee3b7d1bdcaa0da34dcd1fbe33,part,
unsorted/MFG98_VT_fe08e7ab/MFG98_VT_fe08e7ab_part06.iop,unsorted,214,fce0361e3951b6bf92a615b4061caadab61f802098799f80a7893c52dc30cc3f,part,
unsorted/MFG98_VT_fe08e7ab/MFG98_VT_fe08e7ab_part07.iop,unsorted,16347,5433c450915ec2ccafa9983731cea4d14db9df9d9d9352d7759b4216eea2b5f9,part,
unsorted/MFG98_VT_fe08e7ab/MFG98_VT_fe08e7ab_part08.iop,unsorted,2164,4c0dc44269e99f63e43d4a5e93db183c75edd9f7f9ff5daa9dbbfb75257cdee7,part,
